id,genre
0,pop
1,pop
2,pop
3,pop
4,pop
5,pop
6,pop
7,pop
8,pop
9,pop
10,pop
11,pop
12,pop
13,pop
14,pop
15,pop
16,pop
17,pop
18,pop
19,pop
20,pop
21,pop
22,pop
23,pop
24,pop
25,pop
26,pop
27,pop
28,pop
29,pop
30,pop
31,pop
32,pop
33,pop
34,pop
35,pop
36,pop
37,pop
38,pop
39,pop
40,pop
41,pop
42,pop
43,pop
44,pop
45,pop
46,pop
47,pop
48,pop
49,pop
50,pop
51,pop
52,pop
53,pop
54,pop
55,pop
56,pop
57,pop
58,pop
59,pop
60,pop
61,pop
62,pop
63,pop
64,pop
65,pop
66,pop
67,pop
68,pop
69,pop
70,pop
71,pop
72,pop
73,pop
74,pop
75,pop
76,pop
77,pop
78,pop
79,pop
80,pop
81,pop
82,pop
83,pop
84,pop
85,pop
86,pop
87,pop
88,pop
89,pop
90,pop
91,pop
92,pop
93,pop
94,pop
95,pop
96,pop
97,pop
98,pop
99,pop
100,pop
101,pop
102,pop
103,pop
104,pop
105,pop
106,pop
107,pop
108,pop
109,pop
110,pop
111,pop
112,pop
113,pop
114,pop
115,pop
116,pop
117,pop
118,pop
119,pop
120,pop
121,pop
122,pop
123,pop
124,pop
125,pop
126,pop
127,pop
128,pop
129,pop
130,pop
131,pop
132,pop
133,pop
134,pop
135,pop
136,pop
137,pop
138,pop
139,pop
140,pop
141,pop
142,pop
143,pop
144,pop
145,pop
146,pop
147,pop
148,pop
149,pop
150,pop
151,pop
152,pop
153,pop
154,pop
155,pop
156,pop
157,pop
158,pop
159,pop
160,pop
161,pop
162,pop
163,pop
164,pop
165,pop
166,pop
167,pop
168,pop
169,pop
170,pop
171,pop
172,pop
173,pop
174,pop
175,pop
176,pop
177,pop
178,pop
179,pop
180,pop
181,pop
182,pop
183,pop
184,pop
185,pop
186,pop
187,pop
188,pop
189,pop
190,pop
191,pop
192,pop
193,pop
194,pop
195,pop
196,pop
197,pop
198,pop
199,pop
200,pop
201,pop
202,pop
203,pop
204,pop
205,pop
206,pop
207,pop
208,pop
209,pop
210,pop
211,pop
212,pop
213,pop
214,pop
215,pop
216,pop
217,pop
218,pop
219,pop
220,pop
221,pop
222,pop
223,pop
224,pop
225,pop
226,pop
227,pop
228,pop
229,pop
230,pop
231,pop
232,pop
233,pop
234,pop
235,pop
236,pop
237,pop
238,pop
239,pop
240,pop
241,pop
242,pop
243,pop
244,pop
245,pop
246,pop
247,pop
248,pop
249,pop
250,pop
251,pop
252,pop
253,pop
254,pop
255,pop
256,pop
257,pop
258,pop
259,pop
260,pop
261,pop
262,pop
263,pop
264,pop
265,pop
266,pop
267,pop
268,pop
269,pop
270,pop
271,pop
272,pop
273,pop
274,pop
275,pop
276,pop
277,pop
278,pop
279,pop
280,pop
281,pop
282,pop
283,pop
284,pop
285,pop
286,pop
287,pop
288,pop
289,pop
290,pop
291,pop
292,pop
293,pop
294,pop
295,pop
296,pop
297,pop
298,pop
299,pop
300,pop
301,pop
302,pop
303,pop
304,pop
305,pop
306,pop
307,pop
308,pop
309,pop
310,pop
311,pop
312,pop
313,pop
314,pop
315,pop
316,pop
317,pop
318,pop
319,pop
320,pop
321,pop
322,pop
323,pop
324,pop
325,pop
326,pop
327,pop
328,pop
329,pop
330,pop
331,pop
332,pop
333,pop
334,pop
335,pop
336,pop
337,pop
338,pop
339,pop
340,pop
341,pop
342,pop
343,pop
344,pop
345,pop
346,pop
347,pop
348,pop
349,pop
350,pop
351,pop
352,pop
353,pop
354,pop
355,pop
356,pop
357,pop
358,pop
359,pop
360,pop
361,pop
362,pop
363,pop
364,pop
365,pop
366,pop
367,pop
368,pop
369,pop
370,pop
371,pop
372,pop
373,pop
374,pop
375,pop
376,pop
377,pop
378,pop
379,pop
380,pop
381,pop
382,pop
383,pop
384,pop
385,pop
386,pop
387,pop
388,pop
389,pop
390,pop
391,pop
392,pop
393,pop
394,pop
395,pop
396,pop
397,pop
398,pop
399,pop
400,pop
401,pop
402,pop
403,pop
404,pop
405,pop
406,pop
407,pop
408,pop
409,pop
410,pop
411,pop
412,pop
413,pop
414,pop
415,pop
416,pop
417,pop
418,pop
419,pop
420,pop
421,pop
422,pop
423,pop
424,pop
425,pop
426,pop
427,pop
428,pop
429,pop
430,pop
431,pop
432,pop
433,pop
434,pop
435,pop
436,pop
437,pop
438,pop
439,pop
440,pop
441,pop
442,pop
443,pop
444,pop
445,pop
446,pop
447,pop
448,pop
449,pop
450,pop
451,pop
452,pop
453,pop
454,pop
455,pop
456,pop
457,pop
458,pop
459,pop
460,pop
461,pop
462,pop
463,pop
464,pop
465,pop
466,pop
467,pop
468,pop
469,pop
470,pop
471,pop
472,pop
473,pop
474,pop
475,pop
476,pop
477,pop
478,pop
479,pop
480,pop
481,pop
482,pop
483,pop
484,pop
485,pop
486,pop
487,pop
488,pop
489,pop
490,pop
491,pop
492,pop
493,pop
494,pop
495,pop
496,pop
497,pop
498,pop
499,pop
500,pop
501,pop
502,pop
503,pop
504,pop
505,pop
506,pop
507,pop
508,pop
509,pop
510,pop
511,pop
512,pop
513,pop
514,pop
515,pop
516,pop
517,pop
518,pop
519,pop
520,pop
521,pop
522,pop
523,pop
524,pop
525,pop
526,pop
527,pop
528,pop
529,pop
530,pop
531,pop
532,pop
533,pop
534,pop
535,pop
536,pop
537,pop
538,pop
539,pop
540,pop
541,pop
542,pop
543,pop
544,pop
545,pop
546,pop
547,pop
548,pop
549,pop
550,pop
551,pop
552,pop
553,pop
554,pop
555,pop
556,pop
557,pop
558,pop
559,pop
560,pop
561,pop
562,pop
563,pop
564,pop
565,pop
566,pop
567,pop
568,pop
569,pop
570,pop
571,pop
572,pop
573,pop
574,pop
575,pop
576,pop
577,pop
578,pop
579,pop
580,pop
581,pop
582,pop
583,pop
584,pop
585,pop
586,pop
587,pop
588,pop
589,pop
590,pop
591,pop
592,pop
593,pop
594,pop
595,pop
596,pop
597,pop
598,pop
599,pop
600,pop
601,pop
602,pop
603,pop
604,pop
605,pop
606,pop
607,pop
608,pop
609,pop
610,pop
611,pop
612,pop
613,pop
614,pop
615,pop
616,pop
617,pop
618,pop
619,pop
620,pop
621,pop
622,pop
623,pop
624,pop
625,pop
626,pop
627,pop
628,pop
629,pop
630,pop
631,pop
632,pop
633,pop
634,pop
635,pop
636,pop
637,pop
638,pop
639,pop
640,pop
641,pop
642,pop
643,pop
644,pop
645,pop
646,pop
647,pop
648,pop
649,pop
650,pop
651,pop
652,pop
653,pop
654,pop
655,pop
656,pop
657,pop
658,pop
659,pop
660,pop
661,pop
662,pop
663,pop
664,pop
665,pop
666,pop
667,pop
668,pop
669,pop
670,pop
671,pop
672,pop
673,pop
674,pop
675,pop
676,pop
677,pop
678,pop
679,pop
680,pop
681,pop
682,pop
683,pop
684,pop
685,pop
686,pop
687,pop
688,pop
689,pop
690,pop
691,pop
692,pop
693,pop
694,pop
695,pop
696,pop
697,pop
698,pop
699,pop
700,pop
701,pop
702,pop
703,pop
704,pop
705,pop
706,pop
707,pop
708,pop
709,pop
710,pop
711,pop
712,pop
713,pop
714,pop
715,pop
716,pop
717,pop
718,pop
719,pop
720,pop
721,pop
722,pop
723,pop
724,pop
725,pop
726,pop
727,pop
728,pop
729,pop
730,pop
731,pop
732,pop
733,pop
734,pop
735,pop
736,pop
737,pop
738,pop
739,pop
740,pop
741,pop
742,pop
743,pop
744,pop
745,pop
746,pop
747,pop
748,pop
749,pop
750,pop
751,pop
752,pop
753,pop
754,pop
755,pop
756,pop
757,pop
758,pop
759,pop
760,pop
761,pop
762,pop
763,pop
764,pop
765,pop
766,pop
767,pop
768,pop
769,pop
770,pop
771,pop
772,pop
773,pop
774,pop
775,pop
776,pop
777,pop
778,pop
779,pop
780,pop
781,pop
782,pop
783,pop
784,pop
785,pop
786,pop
787,pop
788,pop
789,pop
790,pop
791,pop
792,pop
793,pop
794,pop
795,pop
796,pop
797,pop
798,pop
799,pop
800,pop
801,pop
802,pop
803,pop
804,pop
805,pop
806,pop
807,pop
808,pop
809,pop
810,pop
811,pop
812,pop
813,pop
814,pop
815,pop
816,pop
817,pop
818,pop
819,pop
820,pop
821,pop
822,pop
823,pop
824,pop
825,pop
826,pop
827,pop
828,pop
829,pop
830,pop
831,pop
832,pop
833,pop
834,pop
835,pop
836,pop
837,pop
838,pop
839,pop
840,pop
841,pop
842,pop
843,pop
844,pop
845,pop
846,pop
847,pop
848,pop
849,pop
850,pop
851,pop
852,pop
853,pop
854,pop
855,pop
856,pop
857,pop
858,pop
859,pop
860,pop
861,pop
862,pop
863,pop
864,pop
865,pop
866,pop
867,pop
868,pop
869,pop
870,pop
871,pop
872,pop
873,pop
874,pop
875,pop
876,pop
877,pop
878,pop
879,pop
880,pop
881,pop
882,pop
883,pop
884,pop
885,pop
886,pop
887,pop
888,pop
889,pop
890,pop
891,pop
892,pop
893,pop
894,pop
895,pop
896,pop
897,pop
898,pop
899,pop
900,pop
901,pop
902,pop
903,pop
904,pop
905,pop
906,pop
907,pop
908,pop
909,pop
910,pop
911,pop
912,pop
913,pop
914,pop
915,pop
916,pop
917,pop
918,pop
919,pop
920,pop
921,pop
922,pop
923,pop
924,pop
925,pop
926,pop
927,pop
928,pop
929,pop
930,pop
931,pop
932,pop
933,pop
934,pop
935,pop
936,pop
937,pop
938,pop
939,pop
940,pop
941,pop
942,pop
943,pop
944,pop
945,pop
946,pop
947,pop
948,pop
949,pop
950,pop
951,pop
952,pop
953,pop
954,pop
955,pop
956,pop
957,pop
958,pop
959,pop
960,pop
961,pop
962,pop
963,pop
964,pop
965,pop
966,pop
967,pop
968,pop
969,pop
970,pop
971,pop
972,pop
973,pop
974,pop
975,pop
976,pop
977,pop
978,pop
979,pop
980,pop
981,pop
982,pop
983,pop
984,pop
985,pop
986,pop
987,pop
988,pop
989,pop
990,pop
991,pop
992,pop
993,pop
994,pop
995,pop
996,pop
997,pop
998,pop
999,pop
1000,pop
1001,pop
1002,pop
1003,pop
1004,pop
1005,pop
1006,pop
1007,pop
1008,pop
1009,pop
1010,pop
1011,pop
1012,pop
1013,pop
1014,pop
1015,pop
1016,pop
1017,pop
1018,pop
1019,pop
1020,pop
1021,pop
1022,pop
1023,pop
1024,pop
1025,pop
1026,pop
1027,pop
1028,pop
1029,pop
1030,pop
1031,pop
1032,pop
1033,pop
1034,pop
1035,pop
1036,pop
1037,pop
1038,pop
1039,pop
1040,pop
1041,pop
1042,pop
1043,pop
1044,pop
1045,pop
1046,pop
1047,pop
1048,pop
1049,pop
1050,pop
1051,pop
1052,pop
1053,pop
1054,pop
1055,pop
1056,pop
1057,pop
1058,pop
1059,pop
1060,pop
1061,pop
1062,pop
1063,pop
1064,pop
1065,pop
1066,pop
1067,pop
1068,pop
1069,pop
1070,pop
1071,pop
1072,pop
1073,pop
1074,pop
1075,pop
1076,pop
1077,pop
1078,pop
1079,pop
1080,pop
1081,pop
1082,pop
1083,pop
1084,pop
1085,pop
1086,pop
1087,pop
1088,pop
1089,pop
1090,pop
1091,pop
1092,pop
1093,pop
1094,pop
1095,pop
1096,pop
1097,pop
1098,pop
1099,pop
1100,pop
1101,pop
1102,pop
1103,pop
1104,pop
1105,pop
1106,pop
1107,pop
1108,pop
1109,pop
1110,pop
1111,pop
1112,pop
1113,pop
1114,pop
1115,pop
1116,pop
1117,pop
1118,pop
1119,pop
1120,pop
1121,pop
1122,pop
1123,pop
1124,pop
1125,pop
1126,pop
1127,pop
1128,pop
1129,pop
1130,pop
1131,pop
1132,pop
1133,pop
1134,pop
1135,pop
1136,pop
1137,pop
1138,pop
1139,pop
1140,pop
1141,pop
1142,pop
1143,pop
1144,pop
1145,pop
1146,pop
1147,pop
1148,pop
1149,pop
1150,pop
1151,pop
1152,pop
1153,pop
1154,pop
1155,pop
1156,pop
1157,pop
1158,pop
1159,pop
1160,pop
1161,pop
1162,pop
1163,pop
1164,pop
1165,pop
1166,pop
1167,pop
1168,pop
1169,pop
1170,pop
1171,pop
1172,pop
1173,pop
1174,pop
1175,pop
1176,pop
1177,pop
1178,pop
1179,pop
1180,pop
1181,pop
1182,pop
1183,pop
1184,pop
1185,pop
1186,pop
1187,pop
1188,pop
1189,pop
1190,pop
1191,pop
1192,pop
1193,pop
1194,pop
1195,pop
1196,pop
1197,pop
1198,pop
1199,pop
1200,pop
1201,pop
1202,pop
1203,pop
1204,pop
1205,pop
1206,pop
1207,pop
1208,pop
1209,pop
1210,pop
1211,pop
1212,pop
1213,pop
1214,pop
1215,pop
1216,pop
1217,pop
1218,pop
1219,pop
1220,pop
1221,pop
1222,pop
1223,pop
1224,pop
1225,pop
1226,pop
1227,pop
1228,pop
1229,pop
1230,pop
1231,pop
1232,pop
1233,pop
1234,pop
1235,pop
1236,pop
1237,pop
1238,pop
1239,pop
1240,pop
1241,pop
1242,pop
1243,pop
1244,pop
1245,pop
1246,pop
1247,pop
1248,pop
1249,pop
1250,pop
1251,pop
1252,pop
1253,pop
1254,pop
1255,pop
1256,pop
1257,pop
1258,pop
1259,pop
1260,pop
1261,pop
1262,pop
1263,pop
1264,pop
1265,pop
1266,pop
1267,pop
1268,pop
1269,pop
1270,pop
1271,pop
1272,pop
1273,pop
1274,pop
1275,pop
1276,pop
1277,pop
1278,pop
1279,pop
1280,pop
1281,pop
1282,pop
1283,pop
1284,pop
1285,pop
1286,pop
1287,pop
1288,pop
1289,pop
1290,pop
1291,pop
1292,pop
1293,pop
1294,pop
1295,pop
1296,pop
1297,pop
1298,pop
1299,pop
1300,pop
1301,pop
1302,pop
1303,pop
1304,pop
1305,pop
1306,pop
1307,pop
1308,pop
1309,pop
1310,pop
1311,pop
1312,pop
1313,pop
1314,pop
1315,pop
1316,pop
1317,pop
1318,pop
1319,pop
1320,pop
1321,pop
1322,pop
1323,pop
1324,pop
1325,pop
1326,pop
1327,pop
1328,pop
1329,pop
1330,pop
1331,pop
1332,pop
1333,pop
1334,pop
1335,pop
1336,pop
1337,pop
1338,pop
1339,pop
1340,pop
1341,pop
1342,pop
1343,pop
1344,pop
1345,pop
1346,pop
1347,pop
1348,pop
1349,pop
1350,pop
1351,pop
1352,pop
1353,pop
1354,pop
1355,pop
1356,pop
1357,pop
1358,pop
1359,pop
1360,pop
1361,pop
1362,pop
1363,pop
1364,pop
1365,pop
1366,pop
1367,pop
1368,pop
1369,pop
1370,pop
1371,pop
1372,pop
1373,pop
1374,pop
1375,pop
1376,pop
1377,pop
1378,pop
1379,pop
1380,pop
1381,pop
1382,pop
1383,pop
1384,pop
1385,pop
1386,pop
1387,pop
1388,pop
1389,pop
1390,pop
1391,pop
1392,pop
1393,pop
1394,pop
1395,pop
1396,pop
1397,pop
1398,pop
1399,pop
1400,pop
1401,pop
1402,pop
1403,pop
1404,pop
1405,pop
1406,pop
1407,pop
1408,pop
1409,pop
1410,pop
1411,pop
1412,pop
1413,pop
1414,pop
1415,pop
1416,pop
1417,pop
1418,pop
1419,pop
1420,pop
1421,pop
1422,pop
1423,pop
1424,pop
1425,pop
1426,pop
1427,pop
1428,pop
1429,pop
1430,pop
1431,pop
1432,pop
1433,pop
1434,pop
1435,pop
1436,pop
1437,pop
1438,pop
1439,pop
1440,pop
1441,pop
1442,pop
1443,pop
1444,pop
1445,pop
1446,pop
1447,pop
1448,pop
1449,pop
1450,pop
1451,pop
1452,pop
1453,pop
1454,pop
1455,pop
1456,pop
1457,pop
1458,pop
1459,pop
1460,pop
1461,pop
1462,pop
1463,pop
1464,pop
1465,pop
1466,pop
1467,pop
1468,pop
1469,pop
1470,pop
1471,pop
1472,pop
1473,pop
1474,pop
1475,pop
1476,pop
1477,pop
1478,pop
1479,pop
1480,pop
1481,pop
1482,pop
1483,pop
1484,pop
1485,pop
1486,pop
1487,pop
1488,pop
1489,pop
1490,pop
1491,pop
1492,pop
1493,pop
1494,pop
1495,pop
1496,pop
1497,pop
1498,pop
1499,pop
1500,pop
1501,pop
1502,pop
1503,pop
1504,pop
1505,pop
1506,pop
1507,pop
1508,pop
1509,pop
1510,pop
1511,pop
1512,pop
1513,pop
1514,pop
1515,pop
1516,pop
1517,pop
1518,pop
1519,pop
1520,pop
1521,pop
1522,pop
1523,pop
1524,pop
1525,pop
1526,pop
1527,pop
1528,pop
1529,pop
1530,pop
1531,pop
1532,pop
1533,pop
1534,pop
1535,pop
1536,pop
1537,pop
1538,pop
1539,pop
1540,pop
1541,pop
1542,pop
1543,pop
1544,pop
1545,pop
1546,pop
1547,pop
1548,pop
1549,pop
1550,pop
1551,pop
1552,pop
1553,pop
1554,pop
1555,pop
1556,pop
1557,pop
1558,pop
1559,pop
1560,pop
1561,pop
1562,pop
1563,pop
1564,pop
1565,pop
1566,pop
1567,pop
1568,pop
1569,pop
1570,pop
1571,pop
1572,pop
1573,pop
1574,pop
1575,pop
1576,pop
1577,pop
1578,pop
1579,pop
1580,pop
1581,pop
1582,pop
1583,pop
1584,pop
1585,pop
1586,pop
1587,pop
1588,pop
1589,pop
1590,pop
1591,pop
1592,pop
1593,pop
1594,pop
1595,pop
1596,pop
1597,pop
1598,pop
1599,pop
1600,pop
1601,pop
1602,pop
1603,pop
1604,pop
1605,pop
1606,pop
1607,pop
1608,pop
1609,pop
1610,pop
1611,pop
1612,pop
1613,pop
1614,pop
1615,pop
1616,pop
1617,pop
1618,pop
1619,pop
1620,pop
1621,pop
1622,pop
1623,pop
1624,pop
1625,pop
1626,pop
1627,pop
1628,pop
1629,pop
1630,pop
1631,pop
1632,pop
1633,pop
1634,pop
1635,pop
1636,pop
1637,pop
1638,pop
1639,pop
1640,pop
1641,pop
1642,pop
1643,pop
1644,pop
1645,pop
1646,pop
1647,pop
1648,pop
1649,pop
1650,pop
1651,pop
1652,pop
1653,pop
1654,pop
1655,pop
1656,pop
1657,pop
1658,pop
1659,pop
1660,pop
1661,pop
1662,pop
1663,pop
1664,pop
1665,pop
1666,pop
1667,pop
1668,pop
1669,pop
1670,pop
1671,pop
1672,pop
1673,pop
1674,pop
1675,pop
1676,pop
1677,pop
1678,pop
1679,pop
1680,pop
1681,pop
1682,pop
1683,pop
1684,pop
1685,pop
1686,pop
1687,pop
1688,pop
1689,pop
1690,pop
1691,pop
1692,pop
1693,pop
1694,pop
1695,pop
1696,pop
1697,pop
1698,pop
1699,pop
1700,pop
1701,pop
1702,pop
1703,pop
1704,pop
1705,pop
1706,pop
1707,pop
1708,pop
1709,pop
1710,pop
1711,pop
1712,pop
1713,pop
1714,pop
1715,pop
1716,pop
1717,pop
1718,pop
1719,pop
1720,pop
1721,pop
1722,pop
1723,pop
1724,pop
1725,pop
1726,pop
1727,pop
1728,pop
1729,pop
1730,pop
1731,pop
1732,pop
1733,pop
1734,pop
1735,pop
1736,pop
1737,pop
1738,pop
1739,pop
1740,pop
1741,pop
1742,pop
1743,pop
1744,pop
1745,pop
1746,pop
1747,pop
1748,pop
1749,pop
1750,pop
1751,pop
1752,pop
1753,pop
1754,pop
1755,pop
1756,pop
1757,pop
1758,pop
1759,pop
1760,pop
1761,pop
1762,pop
1763,pop
1764,pop
1765,pop
1766,pop
1767,pop
1768,pop
1769,pop
1770,pop
1771,pop
1772,pop
1773,pop
1774,pop
1775,pop
1776,pop
1777,pop
1778,pop
1779,pop
1780,pop
1781,pop
1782,pop
1783,pop
1784,pop
1785,pop
1786,pop
1787,pop
1788,pop
1789,pop
1790,pop
1791,pop
1792,pop
1793,pop
1794,pop
1795,pop
1796,pop
1797,pop
1798,pop
1799,pop
1800,pop
1801,pop
1802,pop
1803,pop
1804,pop
1805,pop
1806,pop
1807,pop
1808,pop
1809,pop
1810,pop
1811,pop
1812,pop
1813,pop
1814,pop
1815,pop
1816,pop
1817,pop
1818,pop
1819,pop
1820,pop
1821,pop
1822,pop
1823,pop
1824,pop
1825,pop
1826,pop
1827,pop
1828,pop
1829,pop
1830,pop
1831,pop
1832,pop
1833,pop
1834,pop
1835,pop
1836,pop
1837,pop
1838,pop
1839,pop
1840,pop
1841,pop
1842,pop
1843,pop
1844,pop
1845,pop
1846,pop
1847,pop
1848,pop
1849,pop
1850,pop
1851,pop
1852,pop
1853,pop
1854,pop
1855,pop
1856,pop
1857,pop
1858,pop
1859,pop
1860,pop
1861,pop
1862,pop
1863,pop
1864,pop
1865,pop
1866,pop
1867,pop
1868,pop
1869,pop
1870,pop
1871,pop
1872,pop
1873,pop
1874,pop
1875,pop
1876,pop
1877,pop
1878,pop
1879,pop
1880,pop
1881,pop
1882,pop
1883,pop
1884,pop
1885,pop
1886,pop
1887,pop
1888,pop
1889,pop
1890,pop
1891,pop
1892,pop
1893,pop
1894,pop
1895,pop
1896,pop
1897,pop
1898,pop
1899,pop
1900,pop
1901,pop
1902,pop
1903,pop
1904,pop
1905,pop
1906,pop
1907,pop
1908,pop
1909,pop
1910,pop
1911,pop
1912,pop
1913,pop
1914,pop
1915,pop
1916,pop
1917,pop
1918,pop
1919,pop
1920,pop
1921,pop
1922,pop
1923,pop
1924,pop
1925,pop
1926,pop
1927,pop
1928,pop
1929,pop
1930,pop
1931,pop
1932,pop
1933,pop
1934,pop
1935,pop
1936,pop
1937,pop
1938,pop
1939,pop
1940,pop
1941,pop
1942,pop
1943,pop
1944,pop
1945,pop
1946,pop
1947,pop
1948,pop
1949,pop
1950,pop
1951,pop
1952,pop
1953,pop
1954,pop
1955,pop
1956,pop
1957,pop
1958,pop
1959,pop
1960,pop
1961,pop
1962,pop
1963,pop
1964,pop
1965,pop
1966,pop
1967,pop
1968,pop
1969,pop
1970,pop
1971,pop
1972,pop
1973,pop
1974,pop
1975,pop
1976,pop
1977,pop
1978,pop
1979,pop
1980,pop
1981,pop
1982,pop
1983,pop
1984,pop
1985,pop
1986,pop
1987,pop
1988,pop
1989,pop
1990,pop
1991,pop
1992,pop
1993,pop
1994,pop
1995,pop
1996,pop
1997,pop
1998,pop
1999,pop
2000,pop
2001,pop
2002,pop
2003,pop
2004,pop
2005,pop
2006,pop
2007,pop
2008,pop
2009,pop
2010,pop
2011,pop
2012,pop
2013,pop
2014,pop
2015,pop
2016,pop
2017,pop
2018,pop
2019,pop
2020,pop
2021,pop
2022,pop
2023,pop
2024,pop
2025,pop
2026,pop
2027,pop
2028,pop
2029,pop
2030,pop
2031,pop
2032,pop
2033,pop
2034,pop
2035,pop
2036,pop
2037,pop
2038,pop
2039,pop
2040,pop
2041,pop
2042,pop
2043,pop
2044,pop
2045,pop
2046,pop
2047,pop
2048,pop
2049,pop
2050,pop
2051,pop
2052,pop
2053,pop
2054,pop
2055,pop
2056,pop
2057,pop
2058,pop
2059,pop
2060,pop
2061,pop
2062,pop
2063,pop
2064,pop
2065,pop
2066,pop
2067,pop
2068,pop
2069,pop
2070,pop
2071,pop
2072,pop
2073,pop
2074,pop
2075,pop
2076,pop
2077,pop
2078,pop
2079,pop
2080,pop
2081,pop
2082,pop
2083,pop
2084,pop
2085,pop
2086,pop
2087,pop
2088,pop
2089,pop
2090,pop
2091,pop
2092,pop
2093,pop
2094,pop
2095,pop
2096,pop
2097,pop
2098,pop
2099,pop
2100,pop
2101,pop
2102,pop
2103,pop
2104,pop
2105,pop
2106,pop
2107,pop
2108,pop
2109,pop
2110,pop
2111,pop
2112,pop
2113,pop
2114,pop
2115,pop
2116,pop
2117,pop
2118,pop
2119,pop
2120,pop
2121,pop
2122,pop
2123,pop
2124,pop
2125,pop
2126,pop
2127,pop
2128,pop
2129,pop
2130,pop
2131,pop
2132,pop
2133,pop
2134,pop
2135,pop
2136,pop
2137,pop
2138,pop
2139,pop
2140,pop
2141,pop
2142,pop
2143,pop
2144,pop
2145,pop
2146,pop
2147,pop
2148,pop
2149,pop
2150,pop
2151,pop
2152,pop
2153,pop
2154,pop
2155,pop
2156,pop
2157,pop
2158,pop
2159,pop
2160,pop
2161,pop
2162,pop
2163,pop
2164,pop
2165,pop
2166,pop
2167,pop
2168,pop
2169,pop
2170,pop
2171,pop
2172,pop
2173,pop
2174,pop
2175,pop
2176,pop
2177,pop
2178,pop
2179,pop
2180,pop
2181,pop
2182,pop
2183,pop
2184,pop
2185,pop
2186,pop
2187,pop
2188,pop
2189,pop
2190,pop
2191,pop
2192,pop
2193,pop
2194,pop
2195,pop
2196,pop
2197,pop
2198,pop
2199,pop
2200,pop
2201,pop
2202,pop
2203,pop
2204,pop
2205,pop
2206,pop
2207,pop
2208,pop
2209,pop
2210,pop
2211,pop
2212,pop
2213,pop
2214,pop
2215,pop
2216,pop
2217,pop
2218,pop
2219,pop
2220,pop
2221,pop
2222,pop
2223,pop
2224,pop
2225,pop
2226,pop
2227,pop
2228,pop
2229,pop
2230,pop
2231,pop
2232,pop
2233,pop
2234,pop
2235,pop
2236,pop
2237,pop
2238,pop
2239,pop
2240,pop
2241,pop
2242,pop
2243,pop
2244,pop
2245,pop
2246,pop
2247,pop
2248,pop
2249,pop
2250,pop
2251,pop
2252,pop
2253,pop
2254,pop
2255,pop
2256,pop
2257,pop
2258,pop
2259,pop
2260,pop
2261,pop
2262,pop
2263,pop
2264,pop
2265,pop
2266,pop
2267,pop
2268,pop
2269,pop
2270,pop
2271,pop
2272,pop
2273,pop
2274,pop
2275,pop
2276,pop
2277,pop
2278,pop
2279,pop
2280,pop
2281,pop
2282,pop
2283,pop
2284,pop
2285,pop
2286,pop
2287,pop
2288,pop
2289,pop
2290,pop
2291,pop
2292,pop
2293,pop
2294,pop
2295,pop
2296,pop
2297,pop
2298,pop
2299,pop
2300,pop
2301,pop
2302,pop
2303,pop
2304,pop
2305,pop
2306,pop
2307,pop
2308,pop
2309,pop
2310,pop
2311,pop
2312,pop
2313,pop
2314,pop
2315,pop
2316,pop
2317,pop
2318,pop
2319,pop
2320,pop
2321,pop
2322,pop
2323,pop
2324,pop
2325,pop
2326,pop
2327,pop
2328,pop
2329,pop
2330,pop
2331,pop
2332,pop
2333,pop
2334,pop
2335,pop
2336,pop
2337,pop
2338,pop
2339,pop
2340,pop
2341,pop
2342,pop
2343,pop
2344,pop
2345,pop
2346,pop
2347,pop
2348,pop
2349,pop
2350,pop
2351,pop
2352,pop
2353,pop
2354,pop
2355,pop
2356,pop
2357,pop
2358,pop
2359,pop
2360,pop
2361,pop
2362,pop
2363,pop
2364,pop
2365,pop
2366,pop
2367,pop
2368,pop
2369,pop
2370,pop
2371,pop
2372,pop
2373,pop
2374,pop
2375,pop
2376,pop
2377,pop
2378,pop
2379,pop
2380,pop
2381,pop
2382,pop
2383,pop
2384,pop
2385,pop
2386,pop
2387,pop
2388,pop
2389,pop
2390,pop
2391,pop
2392,pop
2393,pop
2394,pop
2395,pop
2396,pop
2397,pop
2398,pop
2399,pop
2400,pop
2401,pop
2402,pop
2403,pop
2404,pop
2405,pop
2406,pop
2407,pop
2408,pop
2409,pop
2410,pop
2411,pop
2412,pop
2413,pop
2414,pop
2415,pop
2416,pop
2417,pop
2418,pop
2419,pop
2420,pop
2421,pop
2422,pop
2423,pop
2424,pop
2425,pop
2426,pop
2427,pop
2428,pop
2429,pop
2430,pop
2431,pop
2432,pop
2433,pop
2434,pop
2435,pop
2436,pop
2437,pop
2438,pop
2439,pop
2440,pop
2441,pop
2442,pop
2443,pop
2444,pop
2445,pop
2446,pop
2447,pop
2448,pop
2449,pop
2450,pop
2451,pop
2452,pop
2453,pop
2454,pop
2455,pop
2456,pop
2457,pop
2458,pop
2459,pop
2460,pop
2461,pop
2462,pop
2463,pop
2464,pop
2465,pop
2466,pop
2467,pop
2468,pop
2469,pop
2470,pop
2471,pop
2472,pop
2473,pop
2474,pop
2475,pop
2476,pop
2477,pop
2478,pop
2479,pop
2480,pop
2481,pop
2482,pop
2483,pop
2484,pop
2485,pop
2486,pop
2487,pop
2488,pop
2489,pop
2490,pop
2491,pop
2492,pop
2493,pop
2494,pop
2495,pop
2496,pop
2497,pop
2498,pop
2499,pop
2500,pop
2501,pop
2502,pop
2503,pop
2504,pop
2505,pop
2506,pop
2507,pop
2508,pop
2509,pop
2510,pop
2511,pop
2512,pop
2513,pop
2514,pop
2515,pop
2516,pop
2517,pop
2518,pop
2519,pop
2520,pop
2521,pop
2522,pop
2523,pop
2524,pop
2525,pop
2526,pop
2527,pop
2528,pop
2529,pop
2530,pop
2531,pop
2532,pop
2533,pop
2534,pop
2535,pop
2536,pop
2537,pop
2538,pop
2539,pop
2540,pop
2541,pop
2542,pop
2543,pop
2544,pop
2545,pop
2546,pop
2547,pop
2548,pop
2549,pop
2550,pop
2551,pop
2552,pop
2553,pop
2554,pop
2555,pop
2556,pop
2557,pop
2558,pop
2559,pop
2560,pop
2561,pop
2562,pop
2563,pop
2564,pop
2565,pop
2566,pop
2567,pop
2568,pop
2569,pop
2570,pop
2571,pop
2572,pop
2573,pop
2574,pop
2575,pop
2576,pop
2577,pop
2578,pop
2579,pop
2580,pop
2581,pop
2582,pop
2583,pop
2584,pop
2585,pop
2586,pop
2587,pop
2588,pop
2589,pop
2590,pop
2591,pop
2592,pop
2593,pop
2594,pop
2595,pop
2596,pop
2597,pop
2598,pop
2599,pop
2600,pop
2601,pop
2602,pop
2603,pop
2604,pop
2605,pop
2606,pop
2607,pop
2608,pop
2609,pop
2610,pop
2611,pop
2612,pop
2613,pop
2614,pop
2615,pop
2616,pop
2617,pop
2618,pop
2619,pop
2620,pop
2621,pop
2622,pop
2623,pop
2624,pop
2625,pop
2626,pop
2627,pop
2628,pop
2629,pop
2630,pop
2631,pop
2632,pop
2633,pop
2634,pop
2635,pop
2636,pop
2637,pop
2638,pop
2639,pop
2640,pop
2641,pop
2642,pop
2643,pop
2644,pop
2645,pop
2646,pop
2647,pop
2648,pop
2649,pop
2650,pop
2651,pop
2652,pop
2653,pop
2654,pop
2655,pop
2656,pop
2657,pop
2658,pop
2659,pop
2660,pop
2661,pop
2662,pop
2663,pop
2664,pop
2665,pop
2666,pop
2667,pop
2668,pop
2669,pop
2670,pop
2671,pop
2672,pop
2673,pop
2674,pop
2675,pop
2676,pop
2677,pop
2678,pop
2679,pop
2680,pop
2681,pop
2682,pop
2683,pop
2684,pop
2685,pop
2686,pop
2687,pop
2688,pop
2689,pop
2690,pop
2691,pop
2692,pop
2693,pop
2694,pop
2695,pop
2696,pop
2697,pop
2698,pop
2699,pop
2700,pop
2701,pop
2702,pop
2703,pop
2704,pop
2705,pop
2706,pop
2707,pop
2708,pop
2709,pop
2710,pop
2711,pop
2712,pop
2713,pop
2714,pop
2715,pop
2716,pop
2717,pop
2718,pop
2719,pop
2720,pop
2721,pop
2722,pop
2723,pop
2724,pop
2725,pop
2726,pop
2727,pop
2728,pop
2729,pop
2730,pop
2731,pop
2732,pop
2733,pop
2734,pop
2735,pop
2736,pop
2737,pop
2738,pop
2739,pop
2740,pop
2741,pop
2742,pop
2743,pop
2744,pop
2745,pop
2746,pop
2747,pop
2748,pop
2749,pop
2750,pop
2751,pop
2752,pop
2753,pop
2754,pop
2755,pop
2756,pop
2757,pop
2758,pop
2759,pop
2760,pop
2761,pop
2762,pop
2763,pop
2764,pop
2765,pop
2766,pop
2767,pop
2768,pop
2769,pop
2770,pop
2771,pop
2772,pop
2773,pop
2774,pop
2775,pop
2776,pop
2777,pop
2778,pop
2779,pop
2780,pop
2781,pop
2782,pop
2783,pop
2784,pop
2785,pop
2786,pop
2787,pop
2788,pop
2789,pop
2790,pop
2791,pop
2792,pop
2793,pop
2794,pop
2795,pop
2796,pop
2797,pop
2798,pop
2799,pop
2800,pop
2801,pop
2802,pop
2803,pop
2804,pop
2805,pop
2806,pop
2807,pop
2808,pop
2809,pop
2810,pop
2811,pop
2812,pop
2813,pop
2814,pop
2815,pop
2816,pop
2817,pop
2818,pop
2819,pop
2820,pop
2821,pop
2822,pop
2823,pop
2824,pop
2825,pop
2826,pop
2827,pop
2828,pop
2829,pop
2830,pop
2831,pop
2832,pop
2833,pop
2834,pop
2835,pop
2836,pop
2837,pop
2838,pop
2839,pop
2840,pop
2841,pop
2842,pop
2843,pop
2844,pop
2845,pop
2846,pop
2847,pop
2848,pop
2849,pop
2850,pop
2851,pop
2852,pop
2853,pop
2854,pop
2855,pop
2856,pop
2857,pop
2858,pop
2859,pop
2860,pop
2861,pop
2862,pop
2863,pop
2864,pop
2865,pop
2866,pop
2867,pop
2868,pop
2869,pop
2870,pop
2871,pop
2872,pop
2873,pop
2874,pop
2875,pop
2876,pop
2877,pop
2878,pop
2879,pop
2880,pop
2881,pop
2882,pop
2883,pop
2884,pop
2885,pop
2886,pop
2887,pop
2888,pop
2889,pop
2890,pop
2891,pop
2892,pop
2893,pop
2894,pop
2895,pop
2896,pop
2897,pop
2898,pop
2899,pop
2900,pop
2901,pop
2902,pop
2903,pop
2904,pop
2905,pop
2906,pop
2907,pop
2908,pop
2909,pop
2910,pop
2911,pop
2912,pop
2913,pop
2914,pop
2915,pop
2916,pop
2917,pop
2918,pop
2919,pop
2920,pop
2921,pop
2922,pop
2923,pop
2924,pop
2925,pop
2926,pop
2927,pop
2928,pop
2929,pop
2930,pop
2931,pop
2932,pop
2933,pop
2934,pop
2935,pop
2936,pop
2937,pop
2938,pop
2939,pop
2940,pop
2941,pop
2942,pop
2943,pop
2944,pop
2945,pop
2946,pop
2947,pop
2948,pop
2949,pop
2950,pop
2951,pop
2952,pop
2953,pop
2954,pop
2955,pop
2956,pop
2957,pop
2958,pop
2959,pop
2960,pop
2961,pop
2962,pop
2963,pop
2964,pop
2965,pop
2966,pop
2967,pop
2968,pop
2969,pop
2970,pop
2971,pop
2972,pop
2973,pop
2974,pop
2975,pop
2976,pop
2977,pop
2978,pop
2979,pop
2980,pop
2981,pop
2982,pop
2983,pop
2984,pop
2985,pop
2986,pop
2987,pop
2988,pop
2989,pop
2990,pop
2991,pop
2992,pop
2993,pop
2994,pop
2995,pop
2996,pop
2997,pop
2998,pop
2999,pop
3000,pop
3001,pop
3002,pop
3003,pop
3004,pop
3005,pop
3006,pop
3007,pop
3008,pop
3009,pop
3010,pop
3011,pop
3012,pop
3013,pop
3014,pop
3015,pop
3016,pop
3017,pop
3018,pop
3019,pop
3020,pop
3021,pop
3022,pop
3023,pop
3024,pop
3025,pop
3026,pop
3027,pop
3028,pop
3029,pop
3030,pop
3031,pop
3032,pop
3033,pop
3034,pop
3035,pop
3036,pop
3037,pop
3038,pop
3039,pop
3040,pop
3041,pop
3042,pop
3043,pop
3044,pop
3045,pop
3046,pop
3047,pop
3048,pop
3049,pop
3050,pop
3051,pop
3052,pop
3053,pop
3054,pop
3055,pop
3056,pop
3057,pop
3058,pop
3059,pop
3060,pop
3061,pop
3062,pop
3063,pop
3064,pop
3065,pop
3066,pop
3067,pop
3068,pop
3069,pop
3070,pop
3071,pop
3072,pop
3073,pop
3074,pop
3075,pop
3076,pop
3077,pop
3078,pop
3079,pop
3080,pop
3081,pop
3082,pop
3083,pop
3084,pop
3085,pop
3086,pop
3087,pop
3088,pop
3089,pop
3090,pop
3091,pop
3092,pop
3093,pop
3094,pop
3095,pop
3096,pop
3097,pop
3098,pop
3099,pop
3100,pop
3101,pop
3102,pop
3103,pop
3104,pop
3105,pop
3106,pop
3107,pop
3108,pop
3109,pop
3110,pop
3111,pop
3112,pop
3113,pop
3114,pop
3115,pop
3116,pop
3117,pop
3118,pop
3119,pop
3120,pop
3121,pop
3122,pop
3123,pop
3124,pop
3125,pop
3126,pop
3127,pop
3128,pop
3129,pop
3130,pop
3131,pop
3132,pop
3133,pop
3134,pop
3135,pop
3136,pop
3137,pop
3138,pop
3139,pop
3140,pop
3141,pop
3142,pop
3143,pop
3144,pop
3145,pop
3146,pop
3147,pop
3148,pop
3149,pop
3150,pop
3151,pop
3152,pop
3153,pop
3154,pop
3155,pop
3156,pop
3157,pop
3158,pop
3159,pop
3160,pop
3161,pop
3162,pop
3163,pop
3164,pop
3165,pop
3166,pop
3167,pop
3168,pop
3169,pop
3170,pop
3171,pop
3172,pop
3173,pop
3174,pop
3175,pop
3176,pop
3177,pop
3178,pop
3179,pop
3180,pop
3181,pop
3182,pop
3183,pop
3184,pop
3185,pop
3186,pop
3187,pop
3188,pop
3189,pop
3190,pop
3191,pop
3192,pop
3193,pop
3194,pop
3195,pop
3196,pop
3197,pop
3198,pop
3199,pop
3200,pop
3201,pop
3202,pop
3203,pop
3204,pop
3205,pop
3206,pop
3207,pop
3208,pop
3209,pop
3210,pop
3211,pop
3212,pop
3213,pop
3214,pop
3215,pop
3216,pop
3217,pop
3218,pop
3219,pop
3220,pop
3221,pop
3222,pop
3223,pop
3224,pop
3225,pop
3226,pop
3227,pop
3228,pop
3229,pop
3230,pop
3231,pop
3232,pop
3233,pop
3234,pop
3235,pop
3236,pop
3237,pop
3238,pop
3239,pop
3240,pop
3241,pop
3242,pop
3243,pop
3244,pop
3245,pop
3246,pop
3247,pop
3248,pop
3249,pop
3250,pop
3251,pop
3252,pop
3253,pop
3254,pop
3255,pop
3256,pop
3257,pop
3258,pop
3259,pop
3260,pop
3261,pop
3262,pop
3263,pop
3264,pop
3265,pop
3266,pop
3267,pop
3268,pop
3269,pop
3270,pop
3271,pop
3272,pop
3273,pop
3274,pop
3275,pop
3276,pop
3277,pop
3278,pop
3279,pop
3280,pop
3281,pop
3282,pop
3283,pop
3284,pop
3285,pop
3286,pop
3287,pop
3288,pop
3289,pop
3290,pop
3291,pop
3292,pop
3293,pop
3294,pop
3295,pop
3296,pop
3297,pop
3298,pop
3299,pop
3300,pop
3301,pop
3302,pop
3303,pop
3304,pop
3305,pop
3306,pop
3307,pop
3308,pop
3309,pop
3310,pop
3311,pop
3312,pop
3313,pop
3314,pop
3315,pop
3316,pop
3317,pop
3318,pop
3319,pop
3320,pop
3321,pop
3322,pop
3323,pop
3324,pop
3325,pop
3326,pop
3327,pop
3328,pop
3329,pop
3330,pop
3331,pop
3332,pop
3333,pop
3334,pop
3335,pop
3336,pop
3337,pop
3338,pop
3339,pop
3340,pop
3341,pop
3342,pop
3343,pop
3344,pop
3345,pop
3346,pop
3347,pop
3348,pop
3349,pop
3350,pop
3351,pop
3352,pop
3353,pop
3354,pop
3355,pop
3356,pop
3357,pop
3358,pop
3359,pop
3360,pop
3361,pop
3362,pop
3363,pop
3364,pop
3365,pop
3366,pop
3367,pop
3368,pop
3369,pop
3370,pop
3371,pop
3372,pop
3373,pop
3374,pop
3375,pop
3376,pop
3377,pop
3378,pop
3379,pop
3380,pop
3381,pop
3382,pop
3383,pop
3384,pop
3385,pop
3386,pop
3387,pop
3388,pop
3389,pop
3390,pop
3391,pop
3392,pop
3393,pop
3394,pop
3395,pop
3396,pop
3397,pop
3398,pop
3399,pop
3400,pop
3401,pop
3402,pop
3403,pop
3404,pop
3405,pop
3406,pop
3407,pop
3408,pop
3409,pop
3410,pop
3411,pop
3412,pop
3413,pop
3414,pop
3415,pop
3416,pop
3417,pop
3418,pop
3419,pop
3420,pop
3421,pop
3422,pop
3423,pop
3424,pop
3425,pop
3426,pop
3427,pop
3428,pop
3429,pop
3430,pop
3431,pop
3432,pop
3433,pop
3434,pop
3435,pop
3436,pop
3437,pop
3438,pop
3439,pop
3440,pop
3441,pop
3442,pop
3443,pop
3444,pop
3445,pop
3446,pop
3447,pop
3448,pop
3449,pop
3450,pop
3451,pop
3452,pop
3453,pop
3454,pop
3455,pop
3456,pop
3457,pop
3458,pop
3459,pop
3460,pop
3461,pop
3462,pop
3463,pop
3464,pop
3465,pop
3466,pop
3467,pop
3468,pop
3469,pop
3470,pop
3471,pop
3472,pop
3473,pop
3474,pop
3475,pop
3476,pop
3477,pop
3478,pop
3479,pop
3480,pop
3481,pop
3482,pop
3483,pop
3484,pop
3485,pop
3486,pop
3487,pop
3488,pop
3489,pop
3490,pop
3491,pop
3492,pop
3493,pop
3494,pop
3495,pop
3496,pop
3497,pop
3498,pop
3499,pop
3500,pop
3501,pop
3502,pop
3503,pop
3504,pop
3505,pop
3506,pop
3507,pop
3508,pop
3509,pop
3510,pop
3511,pop
3512,pop
3513,pop
3514,pop
3515,pop
3516,pop
3517,pop
3518,pop
3519,pop
3520,pop
3521,pop
3522,pop
3523,pop
3524,pop
3525,pop
3526,pop
3527,pop
3528,pop
3529,pop
3530,pop
3531,pop
3532,pop
3533,pop
3534,pop
3535,pop
3536,pop
3537,pop
3538,pop
3539,pop
3540,pop
3541,pop
3542,pop
3543,pop
3544,pop
3545,pop
3546,pop
3547,pop
3548,pop
3549,pop
3550,pop
3551,pop
3552,pop
3553,pop
3554,pop
3555,pop
3556,pop
3557,pop
3558,pop
3559,pop
3560,pop
3561,pop
3562,pop
3563,pop
3564,pop
3565,pop
3566,pop
3567,pop
3568,pop
3569,pop
3570,pop
3571,pop
3572,pop
3573,pop
3574,pop
3575,pop
3576,pop
3577,pop
3578,pop
3579,pop
3580,pop
3581,pop
3582,pop
3583,pop
3584,pop
3585,pop
3586,pop
3587,pop
3588,pop
3589,pop
3590,pop
3591,pop
3592,pop
3593,pop
3594,pop
3595,pop
3596,pop
3597,pop
3598,pop
3599,pop
3600,pop
3601,pop
3602,pop
3603,pop
3604,pop
3605,pop
3606,pop
3607,pop
3608,pop
3609,pop
3610,pop
3611,pop
3612,pop
3613,pop
3614,pop
3615,pop
3616,pop
3617,pop
3618,pop
3619,pop
3620,pop
3621,pop
3622,pop
3623,pop
3624,pop
3625,pop
3626,pop
3627,pop
3628,pop
3629,pop
3630,pop
3631,pop
3632,pop
3633,pop
3634,pop
3635,pop
3636,pop
3637,pop
3638,pop
3639,pop
3640,pop
3641,pop
3642,pop
3643,pop
3644,pop
3645,pop
3646,pop
3647,pop
3648,pop
3649,pop
3650,pop
3651,pop
3652,pop
3653,pop
3654,pop
3655,pop
3656,pop
3657,pop
3658,pop
3659,pop
3660,pop
3661,pop
3662,pop
3663,pop
3664,pop
3665,pop
3666,pop
3667,pop
3668,pop
3669,pop
3670,pop
3671,pop
3672,pop
3673,pop
3674,pop
3675,pop
3676,pop
3677,pop
3678,pop
3679,pop
3680,pop
3681,pop
3682,pop
3683,pop
3684,pop
3685,pop
3686,pop
3687,pop
3688,pop
3689,pop
3690,pop
3691,pop
3692,pop
3693,pop
3694,pop
3695,pop
3696,pop
3697,pop
3698,pop
3699,pop
3700,pop
3701,pop
3702,pop
3703,pop
3704,pop
3705,pop
3706,pop
3707,pop
3708,pop
3709,pop
3710,pop
3711,pop
3712,pop
3713,pop
3714,pop
3715,pop
3716,pop
3717,pop
3718,pop
3719,pop
3720,pop
3721,pop
3722,pop
3723,pop
3724,pop
3725,pop
3726,pop
3727,pop
3728,pop
3729,pop
3730,pop
3731,pop
3732,pop
3733,pop
3734,pop
3735,pop
3736,pop
3737,pop
3738,pop
3739,pop
3740,pop
3741,pop
3742,pop
3743,pop
3744,pop
3745,pop
3746,pop
3747,pop
3748,pop
3749,pop
3750,pop
3751,pop
3752,pop
3753,pop
3754,pop
3755,pop
3756,pop
3757,pop
3758,pop
3759,pop
3760,pop
3761,pop
3762,pop
3763,pop
3764,pop
3765,pop
3766,pop
3767,pop
3768,pop
3769,pop
3770,pop
3771,pop
3772,pop
3773,pop
3774,pop
3775,pop
3776,pop
3777,pop
3778,pop
3779,pop
3780,pop
3781,pop
3782,pop
3783,pop
3784,pop
3785,pop
3786,pop
3787,pop
3788,pop
3789,pop
3790,pop
3791,pop
3792,pop
3793,pop
3794,pop
3795,pop
3796,pop
3797,pop
3798,pop
3799,pop
3800,pop
3801,pop
3802,pop
3803,pop
3804,pop
3805,pop
3806,pop
3807,pop
3808,pop
3809,pop
3810,pop
3811,pop
3812,pop
3813,pop
3814,pop
3815,pop
3816,pop
3817,pop
3818,pop
3819,pop
3820,pop
3821,pop
3822,pop
3823,pop
3824,pop
3825,pop
3826,pop
3827,pop
3828,pop
3829,pop
3830,pop
3831,pop
3832,pop
3833,pop
3834,pop
3835,pop
3836,pop
3837,pop
3838,pop
3839,pop
3840,pop
3841,pop
3842,pop
3843,pop
3844,pop
3845,pop
3846,pop
3847,pop
3848,pop
3849,pop
3850,pop
3851,pop
3852,pop
3853,pop
3854,pop
3855,pop
3856,pop
3857,pop
3858,pop
3859,pop
3860,pop
3861,pop
3862,pop
3863,pop
3864,pop
3865,pop
3866,pop
3867,pop
3868,pop
3869,pop
3870,pop
3871,pop
3872,pop
3873,pop
3874,pop
3875,pop
3876,pop
3877,pop
3878,pop
3879,pop
3880,pop
3881,pop
3882,pop
3883,pop
3884,pop
3885,pop
3886,pop
3887,pop
3888,pop
3889,pop
3890,pop
3891,pop
3892,pop
3893,pop
3894,pop
3895,pop
3896,pop
3897,pop
3898,pop
3899,pop
3900,pop
3901,pop
3902,pop
3903,pop
3904,pop
3905,pop
3906,pop
3907,pop
3908,pop
3909,pop
3910,pop
3911,pop
3912,pop
3913,pop
3914,pop
3915,pop
3916,pop
3917,pop
3918,pop
3919,pop
3920,pop
3921,pop
3922,pop
3923,pop
3924,pop
3925,pop
3926,pop
3927,pop
3928,pop
3929,pop
3930,pop
3931,pop
3932,pop
3933,pop
3934,pop
3935,pop
3936,pop
3937,pop
3938,pop
3939,pop
3940,pop
3941,pop
3942,pop
3943,pop
3944,pop
3945,pop
3946,pop
3947,pop
3948,pop
3949,pop
3950,pop
3951,pop
3952,pop
3953,pop
3954,pop
3955,pop
3956,pop
3957,pop
3958,pop
3959,pop
3960,pop
3961,pop
3962,pop
3963,pop
3964,pop
3965,pop
3966,pop
3967,pop
3968,pop
3969,pop
3970,pop
3971,pop
3972,pop
3973,pop
3974,pop
3975,pop
3976,pop
3977,pop
3978,pop
3979,pop
3980,pop
3981,pop
3982,pop
3983,pop
3984,pop
3985,pop
3986,pop
3987,pop
3988,pop
3989,pop
3990,pop
3991,pop
3992,pop
3993,pop
3994,pop
3995,pop
3996,pop
3997,pop
3998,pop
3999,pop
4000,pop
4001,pop
4002,pop
4003,pop
4004,pop
4005,pop
4006,pop
4007,pop
4008,pop
4009,pop
4010,pop
4011,pop
4012,pop
4013,pop
4014,pop
4015,pop
4016,pop
4017,pop
4018,pop
4019,pop
4020,pop
4021,pop
4022,pop
4023,pop
4024,pop
4025,pop
4026,pop
4027,pop
4028,pop
4029,pop
4030,pop
4031,pop
4032,pop
4033,pop
4034,pop
4035,pop
4036,pop
4037,pop
4038,pop
4039,pop
4040,pop
4041,pop
4042,pop
4043,pop
4044,pop
4045,pop
4046,pop
4047,pop
4048,pop
4049,pop
4050,pop
4051,pop
4052,pop
4053,pop
4054,pop
4055,pop
4056,pop
4057,pop
4058,pop
4059,pop
4060,pop
4061,pop
4062,pop
4063,pop
4064,pop
4065,pop
4066,pop
4067,pop
4068,pop
4069,pop
4070,pop
4071,pop
4072,pop
4073,pop
4074,pop
4075,pop
4076,pop
4077,pop
4078,pop
4079,pop
4080,pop
4081,pop
4082,pop
4083,pop
4084,pop
4085,pop
4086,pop
4087,pop
4088,pop
4089,pop
4090,pop
4091,pop
4092,pop
4093,pop
4094,pop
4095,pop
4096,pop
4097,pop
4098,pop
4099,pop
4100,pop
4101,pop
4102,pop
4103,pop
4104,pop
4105,pop
4106,pop
4107,pop
4108,pop
4109,pop
4110,pop
4111,pop
4112,pop
4113,pop
4114,pop
4115,pop
4116,pop
4117,pop
4118,pop
4119,pop
4120,pop
4121,pop
4122,pop
4123,pop
4124,pop
4125,pop
4126,pop
4127,pop
4128,pop
4129,pop
4130,pop
4131,pop
4132,pop
4133,pop
4134,pop
4135,pop
4136,pop
4137,pop
4138,pop
4139,pop
4140,pop
4141,pop
4142,pop
4143,pop
4144,pop
4145,pop
4146,pop
4147,pop
4148,pop
4149,pop
4150,pop
4151,pop
4152,pop
4153,pop
4154,pop
4155,pop
4156,pop
4157,pop
